role,skills
AI Research Intern,python sklearn pandas numpy data cleaning eda statistics probability visualization powerbi tableau feature engineering
AI Research Intern,python machine learning deep learning pandas numpy scipy statistics sql data visualization feature engineering model evaluation regression classification clustering
Machine Learning Intern,python sklearn pandas numpy data cleaning eda statistics probability visualization powerbi tableau feature engineering
Machine Learning Intern,python machine learning deep learning pandas numpy scipy statistics sql data visualization feature engineering model evaluation regression classification clustering
AI Research Intern,python sklearn pandas numpy data cleaning eda statistics probability visualization powerbi tableau feature engineering
Machine Learning Intern,python machine learning deep learning pandas numpy scipy statistics sql data visualization feature engineering model evaluation regression classification clustering
Data Science Intern,python sklearn pandas numpy data cleaning eda statistics probability visualization powerbi tableau feature engineering
AI Research Intern,python machine learning deep learning pandas numpy scipy statistics sql data visualization feature engineering model evaluation regression classification clustering
Data Science Intern,python machine learning deep learning pandas numpy scipy statistics sql data visualization feature engineering model evaluation regression classification clustering
Data Science Intern,python machine learning deep learning pandas numpy scipy statistics sql data visualization feature engineering model evaluation regression classification clustering
Machine Learning Intern,python machine learning deep learning pandas numpy scipy statistics sql data visualization feature engineering model evaluation regression classification clustering
Data Science Intern,python sklearn pandas numpy data cleaning eda statistics probability visualization powerbi tableau feature engineering
Data Analyst Intern,python sklearn pandas numpy data cleaning eda statistics probability visualization powerbi tableau feature engineering
Machine Learning Intern,python machine learning deep learning pandas numpy scipy statistics sql data visualization feature engineering model evaluation regression classification clustering
Data Analyst Intern,python sklearn pandas numpy data cleaning eda statistics probability visualization powerbi tableau feature engineering
Data Science Intern,python machine learning deep learning pandas numpy scipy statistics sql data visualization feature engineering model evaluation regression classification clustering
AI Research Intern,python sklearn pandas numpy data cleaning eda statistics probability visualization powerbi tableau feature engineering
AI Research Intern,python machine learning deep learning pandas numpy scipy statistics sql data visualization feature engineering model evaluation regression classification clustering
Data Analyst Intern,python sklearn pandas numpy data cleaning eda statistics probability visualization powerbi tableau feature engineering
Machine Learning Intern,python sklearn pandas numpy data cleaning eda statistics probability visualization powerbi tableau feature engineering
Data Science Intern,python machine learning deep learning pandas numpy scipy statistics sql data visualization feature engineering model evaluation regression classification clustering
Data Science Intern,python sklearn pandas numpy data cleaning eda statistics probability visualization powerbi tableau feature engineering
Data Science Intern,python sklearn pandas numpy data cleaning eda statistics probability visualization powerbi tableau feature engineering
AI Research Intern,python machine learning deep learning pandas numpy scipy statistics sql data visualization feature engineering model evaluation regression classification clustering
Data Science Intern,python machine learning deep learning pandas numpy scipy statistics sql data visualization feature engineering model evaluation regression classification clustering
Machine Learning Intern,python machine learning deep learning pandas numpy scipy statistics sql data visualization feature engineering model evaluation regression classification clustering
Data Science Intern,python sklearn pandas numpy data cleaning eda statistics probability visualization powerbi tableau feature engineering
AI Research Intern,python sklearn pandas numpy data cleaning eda statistics probability visualization powerbi tableau feature engineering
AI Research Intern,python machine learning deep learning pandas numpy scipy statistics sql data visualization feature engineering model evaluation regression classification clustering
Machine Learning Intern,python sklearn pandas numpy data cleaning eda statistics probability visualization powerbi tableau feature engineering
Data Analyst Intern,python machine learning deep learning pandas numpy scipy statistics sql data visualization feature engineering model evaluation regression classification clustering
Data Analyst Intern,python sklearn pandas numpy data cleaning eda statistics probability visualization powerbi tableau feature engineering
Data Science Intern,python sklearn pandas numpy data cleaning eda statistics probability visualization powerbi tableau feature engineering
Data Science Intern,python machine learning deep learning pandas numpy scipy statistics sql data visualization feature engineering model evaluation regression classification clustering
Machine Learning Intern,python machine learning deep learning pandas numpy scipy statistics sql data visualization feature engineering model evaluation regression classification clustering
Data Science Intern,python machine learning deep learning pandas numpy scipy statistics sql data visualization feature engineering model evaluation regression classification clustering
AI Research Intern,python sklearn pandas numpy data cleaning eda statistics probability visualization powerbi tableau feature engineering
Machine Learning Intern,python machine learning deep learning pandas numpy scipy statistics sql data visualization feature engineering model evaluation regression classification clustering
AI Research Intern,python machine learning deep learning pandas numpy scipy statistics sql data visualization feature engineering model evaluation regression classification clustering
Machine Learning Intern,python sklearn pandas numpy data cleaning eda statistics probability visualization powerbi tableau feature engineering
AI Research Intern,python machine learning deep learning pandas numpy scipy statistics sql data visualization feature engineering model evaluation regression classification clustering
AI Research Intern,python sklearn pandas numpy data cleaning eda statistics probability visualization powerbi tableau feature engineering
Machine Learning Intern,python machine learning deep learning pandas numpy scipy statistics sql data visualization feature engineering model evaluation regression classification clustering
Data Analyst Intern,python sklearn pandas numpy data cleaning eda statistics probability visualization powerbi tableau feature engineering
Data Science Intern,python machine learning deep learning pandas numpy scipy statistics sql data visualization feature engineering model evaluation regression classification clustering
Machine Learning Intern,python sklearn pandas numpy data cleaning eda statistics probability visualization powerbi tableau feature engineering
Data Science Intern,python machine learning deep learning pandas numpy scipy statistics sql data visualization feature engineering model evaluation regression classification clustering
Machine Learning Intern,python machine learning deep learning pandas numpy scipy statistics sql data visualization feature engineering model evaluation regression classification clustering
AI Research Intern,python sklearn pandas numpy data cleaning eda statistics probability visualization powerbi tableau feature engineering
Data Science Intern,python sklearn pandas numpy data cleaning eda statistics probability visualization powerbi tableau feature engineering
Data Analyst Intern,python sklearn pandas numpy data cleaning eda statistics probability visualization powerbi tableau feature engineering
Data Science Intern,python machine learning deep learning pandas numpy scipy statistics sql data visualization feature engineering model evaluation regression classification clustering
Data Science Intern,python machine learning deep learning pandas numpy scipy statistics sql data visualization feature engineering model evaluation regression classification clustering
Machine Learning Intern,python machine learning deep learning pandas numpy scipy statistics sql data visualization feature engineering model evaluation regression classification clustering
Data Analyst Intern,python sklearn pandas numpy data cleaning eda statistics probability visualization powerbi tableau feature engineering
AI Research Intern,python machine learning deep learning pandas numpy scipy statistics sql data visualization feature engineering model evaluation regression classification clustering
AI Research Intern,python machine learning deep learning pandas numpy scipy statistics sql data visualization feature engineering model evaluation regression classification clustering
AI Research Intern,python machine learning deep learning pandas numpy scipy statistics sql data visualization feature engineering model evaluation regression classification clustering
Machine Learning Intern,python sklearn pandas numpy data cleaning eda statistics probability visualization powerbi tableau feature engineering
Machine Learning Intern,python machine learning deep learning pandas numpy scipy statistics sql data visualization feature engineering model evaluation regression classification clustering
Associate Software Engineer Intern,datastructures algorithms oop systemdesign problemsolving java python debugging testing git
Associate Software Engineer Intern,restapi microservices sql mongodb spring boot django flask systemdesign authentication docker
Full Stack Developer Intern,datastructures algorithms oop systemdesign problemsolving java python debugging testing git
Full Stack Developer Intern,datastructures algorithms oop systemdesign problemsolving java python debugging testing git
Software Development Intern,datastructures algorithms oop systemdesign problemsolving java python debugging testing git
Software Development Intern,restapi microservices sql mongodb spring boot django flask systemdesign authentication docker
Associate Software Engineer Intern,restapi microservices sql mongodb spring boot django flask systemdesign authentication docker
Backend Developer Intern,restapi microservices sql mongodb springboot django flask systemdesign authentication docker
Full Stack Developer Intern,restapi microservices sql mongodb spring boot django flask systemdesign authentication docker
Associate Software Engineer Intern,datastructures algorithms oop systemdesign problemsolving java python debugging testing git
Associate Software Engineer Intern,datastructures algorithms oop systemdesign problemsolving java python debugging testing git
Full Stack Developer Intern,datastructures algorithms oop systemdesign problemsolving java python debugging testing git
Backend Developer Intern,datastructures algorithms oop systemdesign problemsolving java python debugging testing git
Associate Software Engineer Intern,datastructures algorithms oop systemdesign problemsolving java python debugging testing git
Software Development Intern,restapi microservices sql mongodb spring boot django flask systemdesign authentication docker
Full Stack Developer Intern,restapi microservices sql mongodb spring boot django flask systemdesign authentication docker
Associate Software Engineer Intern,datastructures algorithms oop systemdesign problemsolving java python debugging testing git
Software Development Intern,datastructures algorithms oop systemdesign problemsolving java python debugging testing git
Backend Developer Intern,restapi microservices sql mongodb spring boot django flask systemdesign authentication docker
Associate Software Engineer Intern,datastructures algorithms oop systemdesign problemsolving java python debugging testing git
Backend Developer Intern,datastructures algorithms oop systemdesign problemsolving java python debugging testing git
Full Stack Developer Intern,restapi microservices sql mongodb spring boot django flask systemdesign authentication docker
Associate Software Engineer Intern,datastructures algorithms oop systemdesign problemsolving java python debugging testing git
Software Development Intern,restapi microservices sql mongodb spring boot django flask systemdesign authentication docker
Backend Developer Intern,restapi microservices sql mongodb spring boot django flask systemdesign authentication docker
Software Development Intern,datastructures algorithms oop systemdesign problemsolving java python debugging testing git
Software Development Intern,restapi microservices sql mongodb spring boot django flask systemdesign authentication docker
Software Development Intern,restapi microservices sql mongodb spring boot django flask systemdesign authentication docker
Backend Developer Intern,datastructures algorithms oop systemdesign problemsolving java python debugging testing git
Software Development Intern,datastructures algorithms oop systemdesign problemsolving java python debugging testing git
Full Stack Developer Intern,restapi microservices sql mongodb spring boot django flask systemdesign authentication docker
Software Development Intern,datastructures algorithms oop systemdesign problemsolving java python debugging testing git
Backend Developer Intern,restapi microservices sql mongodb spring boot django flask systemdesign authentication docker
Software Development Intern,restapi microservices sql mongodb spring boot django flask systemdesign authentication docker
Software Development Intern,restapi microservices sql mongodb spring boot django flask systemdesign authentication docker
Software Development Intern,restapi microservices sql mongodb spring boot django flask systemdesign authentication docker
Software Development Intern,restapi microservices sql mongodb spring boot django flask systemdesign authentication docker
Full Stack Developer Intern,datastructures algorithms oop systemdesign problemsolving java python debugging testing git
Software Development Intern,datastructures algorithms oop systemdesign problemsolving java python debugging testing git
Software Development Intern,datastructures algorithms oop systemdesign problemsolving java python debugging testing git
Backend Developer Intern,restapi microservices sql mongodb spring boot django flask systemdesign authentication docker
Backend Developer Intern,restapi microservices sql mongodb spring boot django flask systemdesign authentication docker
Full Stack Developer Intern,restapi microservices sql mongodb spring boot django flask systemdesign authentication docker
Full Stack Developer Intern,datastructures algorithms oop systemdesign problemsolving java python debugging testing git
Software Development Intern,restapi microservices sql mongodb spring boot django flask systemdesign authentication docker
Software Development Intern,restapi microservices sql mongodb spring boot django flask systemdesign authentication docker
Software Development Intern,datastructures algorithms oop systemdesign problemsolving java python debugging testing git
Software Development Intern,restapi microservices sql mongodb spring boot django flask systemdesign authentication docker
Full Stack Developer Intern,restapi microservices sql mongodb spring boot django flask systemdesign authentication docker
Software Development Intern,restapi microservices sql mongodb spring boot django flask systemdesign authentication docker
Backend Developer Intern,datastructures algorithms oop systemdesign problemsolving java python debugging testing git
Associate Software Engineer Intern,datastructures algorithms oop systemdesign problemsolving java python debugging testing git
Backend Developer Intern,restapi microservices sql mongodb spring boot django flask systemdesign authentication docker
Full Stack Developer Intern,datastructures algorithms oop systemdesign problemsolving java python debugging testing git
Backend Developer Intern,restapi microservices sql mongodb spring boot django flask systemdesign authentication docker
Backend Developer Intern,datastructures algorithms oop systemdesign problemsolving java python debugging testing git
Full Stack Developer Intern,datastructures algorithms oop systemdesign problemsolving java python debugging testing git
Associate Software Engineer Intern,restapi microservices sql mongodb spring boot django flask systemdesign authentication docker
Associate Software Engineer Intern,restapi microservices sql mongodb spring boot django flask systemdesign authentication docker
Associate Software Engineer Intern,datastructures algorithms oop systemdesign problemsolving java python debugging testing git
Frontend Developer Intern,vue angular javascript html css sass componentbaseddesignaccessibility performance optimization
UI Developer Intern,html css javascript react typescript redux nextjs tailwindcss ui ux responsive design frontend architecture
React Developer Intern,html css javascript react typescript redux nextjs tailwindcss ui ux responsive design frontend architecture
UI Developer Intern,html css javascript react typescript redux nextjs tailwindcss ui ux responsive design frontend architecture
Frontend Developer Intern,vue angular javascript html css sass component based design accessibility performance optimization
UI Developer Intern,vue angular javascript html css sass component based design accessibility performance optimization
Frontend Developer Intern,vue angular javascript html css sass component based design accessibility performance optimization
UI Developer Intern,vue angular javascript html css sass component based design accessibility performance optimization
React Developer Intern,vue angular javascript html css sass component based design accessibility performance optimization
React Developer Intern,vue angular javascript html css sass component based design accessibility performance optimization
UI Developer Intern,html css javascript react typescript redux nextjs tailwindcss ui ux responsive design frontend architecture
Frontend Developer Intern,vue angular javascript html css sass component based design accessibility performance optimization
React Developer Intern,html css javascript react typescript redux nextjs tailwindcss ui ux responsive design frontend architecture
React Developer Intern,vue angular javascript html css sass component based design accessibility performance optimization
React Developer Intern,vue angular javascript html css sass component based design accessibility performance optimization
UI Developer Intern,html css javascript react typescript redux nextjs tailwindcss ui ux responsive design frontend architecture
React Developer Intern,html css javascript react typescript redux nextjs tailwindcss ui ux responsive design frontend architecture
UI Developer Intern,vue angular javascript html css sass component based design accessibility performance optimization
Frontend Developer Intern,html css javascript react typescript redux nextjs tailwindcss ui ux responsive design frontend architecture
UI Developer Intern,html css javascript react typescript redux nextjs tailwindcss ui ux responsive design frontend architecture
Frontend Developer Intern,html css javascript react typescript redux nextjs tailwindcss ui ux responsivedesign frontend architecture
React Developer Intern,html css javascript react typescript redux nextjs tailwindcss ui ux responsive design frontend architecture
UI Developer Intern,html css javascript react typescript redux nextjs tailwindcss ui ux responsive design frontend architecture
React Developer Intern,vue angular javascript html css sass component based design accessibility performance optimization
Frontend Developer Intern,html css javascript react typescript redux nextjs tailwindcss ui ux responsive design frontend architecture
Frontend Developer Intern,vue angular javascript html css sass component based design accessibility performance optimization
UI Developer Intern,html css javascript react typescript redux nextjs tailwindcss ui ux responsive design frontend architecture
React Developer Intern,html css javascript react typescript redux nextjs tailwindcss ui ux responsive design frontend architecture
UI Developer Intern,html css javascript react typescript redux nextjs tailwindcss ui ux responsive design frontend architecture
Frontend Developer Intern,html css javascript react typescript redux nextjs tailwindcss ui ux responsive design frontend architecture
UI Developer Intern,vue angular javascript html css sass component based design accessibility performance optimization
React Developer Intern,html css javascript react typescript redux nextjs tailwindcss ui ux responsive design frontend architecture
UI Developer Intern,html css javascript react typescript redux nextjs tailwindcss ui ux responsive design frontend architecture
Frontend Developer Intern,vue angular javascript html css sass component based design accessibility performance optimization
React Developer Intern,vue angular javascript html css sass component based design accessibility performance optimization
Frontend Developer Intern,vue angular javascript html css sass component based design accessibility performance optimization
UI Developer Intern,html css javascript react typescript redux nextjs tailwindcss ui ux responsive design frontend architecture
React Developer Intern,html css javascript react typescript redux nextjs tailwindcss ui ux responsive design frontend architecture
UI Developer Intern,vue angular javascript html css sass component based design accessibility performance optimization
UI Developer Intern,vue angular javascript html css sass component based design accessibility performance optimization
React Developer Intern,html css javascript react typescript redux nextjs tailwindcss ui ux responsive design frontend architecture
Frontend Developer Intern,html css javascript react typescript redux nextjs tailwindcss ui ux responsive design frontend architecture
Frontend Developer Intern,html css javascript react typescript redux nextjs tailwindcss ui ux responsive design frontend architecture
UI Developer Intern,html css javascript react typescript redux nextjs tailwindcss ui ux responsive design frontend architecture
UI Developer Intern,vue angular javascript html css sass component based design accessibility performance optimization
UI Developer Intern,html css javascript react typescript redux nextjs tailwindcss ui ux responsive design frontend architecture
UI Developer Intern,html css javascript react typescript redux nextjs tailwindcss ui ux responsive design frontend architecture
Frontend Developer Intern,vue angular javascript html css sass component based design accessibility performance optimization
UI Developer Intern,vue angular javascript html css sass component based design accessibility performance optimization
UI Developer Intern,vue angular javascript html css sass component based design accessibility performance optimization
Frontend Developer Intern,html css javascript react typescript redux nextjs tailwindcss ui ux responsive design frontend architecture
Frontend Developer Intern,vue angular javascript html css sass component based design accessibility performance optimization
Frontend Developer Intern,html css javascript react typescript redux nextjs tailwindcss ui ux responsive design frontend architecture
React Developer Intern,vue angular javascript html css sass component based design accessibility performance optimization
React Developer Intern,html css javascript react typescript redux nextjs tailwindcss ui ux responsive design frontend architecture
UI Developer Intern,html css javascript react typescript redux nextjs tailwindcss ui ux responsive design frontend architecture
React Developer Intern,vue angular javascript html css sass component based design accessibility performance optimization
UI Developer Intern,html css javascript react typescript redux nextjs tailwindcss ui ux responsive design frontend architecture
Frontend Developer Intern,vue angular javascript html css sass component based design accessibility performance optimization
React Developer Intern,vue angular javascript html css sass component based design accessibility performance optimization
NLP Engineer Intern,machine learning deep learning transformers llms nlp pytorch tensorflow huggingface embeddings vector search prompt engineering
NLP Engineer Intern,python ai ml model training fine tuning neural networks computer vision reinforcement learning generative ai
Generative AI Intern,python ai ml model training fine tuning neural networks computer vision reinforcement learning generative ai
NLP Engineer Intern,machine learning deep learning transformers llms nlp pytorch tensorflow huggingface embeddings vector search prompt engineering
Generative AI Intern,machine learning deep learning transformers llms nlp pytorch tensorflow huggingface embeddings vector search prompt engineering
NLP Engineer Intern,python ai ml model training fine tuning neural networks computer vision reinforcement learning generative ai
NLP Engineer Intern,python ai ml model training fine tuning neural networks computer vision reinforcement learning generative ai
AI Engineer Intern,python ai ml model training fine tuning neural networks computer vision reinforcement learning generative ai
NLP Engineer Intern,machine learning deep learning transformers llms nlp pytorch tensorflow huggingface embeddings vector search prompt engineering
NLP Engineer Intern,machine learning deep learning transformers llms nlp pytorch tensorflow huggingface embeddings vector search prompt engineering
NLP Engineer Intern,python ai ml model training fine tuning neural networks computer vision reinforcement learning generative ai
AI Engineer Intern,machine learning deep learning transformers llms nlp pytorch tensorflow huggingface embeddings vector search prompt engineering
NLP Engineer Intern,python ai ml model training fine tuning neural networks computer vision reinforcement learning generative ai
NLP Engineer Intern,machine learning deep learning transformers llms nlp pytorch tensorflow huggingface embeddings vector search prompt engineering
Generative AI Intern,machine learning deep learning transformers llms nlp pytorch tensorflow huggingface embeddings vector search prompt engineering
NLP Engineer Intern,machine learning deep learning transformers llms nlp pytorch tensorflow huggingface embeddings vector search prompt engineering
AI Engineer Intern,python ai ml model training fine tuning neural networks computer vision reinforcement learning generative ai
Generative AI Intern,python ai ml model training fine tuning neural networks computer vision reinforcement learning generative ai
Generative AI Intern,machine learning deep learning transformers llms nlp pytorch tensorflow huggingface embeddings vector search prompt engineering
Generative AI Intern,python ai ml model training fine tuning neural networks computer vision reinforcement learning generative ai
AI Engineer Intern,python ai ml model training fine tuning neural networks computer vision reinforcement learning generative ai
Generative AI Intern,python ai ml model training fine tuning neural networks computer vision reinforcement learning generative ai
NLP Engineer Intern,python ai ml model training fine tuning neural networks computer vision reinforcement learning generative ai
AI Engineer Intern,machine learning deep learning transformers llms nlp pytorch tensorflow huggingface embeddings vector search prompt engineering
Generative AI Intern,machine learning deep learning transformers llms nlp pytorch tensorflow huggingface embeddings vector search prompt engineering
Generative AI Intern,machine learning deep learning transformers llms nlp pytorch tensorflow huggingface embeddings vector search prompt engineering
NLP Engineer Intern,machine learning deep learning transformers llms nlp pytorch tensorflow huggingface embeddings vector search prompt engineering
AI Engineer Intern,machine learning deep learning transformers llms nlp pytorch tensorflow huggingface embeddings vector search prompt engineering
AI Engineer Intern,machine learning deep learning transformers llms nlp pytorch tensorflow huggingface embeddings vector search prompt engineering
AI Engineer Intern,python ai ml model training fine tuning neural networks computer vision reinforcement learning generative ai
Generative AI Intern,python ai ml model training fine tuning neural networks computer vision reinforcement learning generative ai
AI Engineer Intern,python ai ml model training fine tuning neural networks computer vision reinforcement learning generative ai
AI Engineer Intern,python ai ml model training fine tuning neural networks computer vision reinforcement learning generative ai
NLP Engineer Intern,machine learning deep learning transformers llms nlp pytorch tensorflow huggingface embeddings vector search prompt engineering
NLP Engineer Intern,python ai ml model training fine tuning neural networks computer vision reinforcement learning generative ai
NLP Engineer Intern,machine learning deep learning transformers llms nlp pytorch tensorflow huggingface embeddings vector search prompt engineering
NLP Engineer Intern,python ai ml model training fine tuning neural networks computer vision reinforcement learning generative ai
AI Engineer Intern,python ai ml model training fine tuning neural networks computer vision reinforcement learning generative ai
NLP Engineer Intern,python ai ml model training fine tuning neural networks computer vision reinforcement learning generative ai
NLP Engineer Intern,machine learning deep learning transformers llms nlp pytorch tensorflow huggingface embeddings vector search prompt engineering
NLP Engineer Intern,machine learning deep learning transformers llms nlp pytorch tensorflow huggingface embeddings vector search prompt engineering
NLP Engineer Intern,machine learning deep learning transformers llms nlp pytorch tensorflow huggingface embeddings vector search prompt engineering
NLP Engineer Intern,machine learning deep learning transformers llms nlp pytorch tensorflow huggingface embeddings vector search prompt engineering
NLP Engineer Intern,machine learning deep learning transformers llms nlp pytorch tensorflow huggingface embeddings vector search prompt engineering
AI Engineer Intern,python ai ml model training fine tuning neural networks computer vision reinforcement learning generative ai
AI Engineer Intern,python ai ml model training fine tuning neural networks computer vision reinforcement learning generative ai
NLP Engineer Intern,python ai ml model training fine tuning neural networks computer vision reinforcement learning generative ai
AI Engineer Intern,machine learning deep learning transformers llms nlp pytorch tensorflow huggingface embeddings vector search prompt engineering
AI Engineer Intern,machine learning deep learning transformers llms nlp pytorch tensorflow huggingface embeddings vector search prompt engineering
AI Engineer Intern,machine learning deep learning transformers llms nlp pytorch tensorflow huggingface embeddings vector search prompt engineering
AI Engineer Intern,machine learning deep learning transformers llms nlp pytorch tensorflow huggingface embeddings vector search prompt engineering
Generative AI Intern,python ai ml model training fine tuning neural networks computer vision reinforcement learning generative ai
AI Engineer Intern,python ai ml model training fine tuning neural networks computer vision reinforcement learning generative ai
Generative AI Intern,machine learning deep learning transformers llms nlp pytorch tensorflow huggingface embeddings vector search prompt engineering
AI Engineer Intern,python ai ml model training fine tuning neural networks computer vision reinforcement learning generative ai
NLP Engineer Intern,machine learning deep learning transformers llms nlp pytorch tensorflow huggingface embeddings vector search prompt engineering
AI Engineer Intern,machine learning deep learning transformers llms nlp pytorch tensorflow huggingface embeddings vector search prompt engineering
NLP Engineer Intern,python ai ml model training fine tuning neural networks computer vision reinforcement learning generative ai
Generative AI Intern,machine learning deep learning transformers llms nlp pytorch tensorflow huggingface embeddings vector search prompt engineering
NLP Engineer Intern,python ai ml model training fine tuning neural networks computer vision reinforcement learning generative ai
Site Reliability Engineer Intern,docker kubernetes ci cd jenkins github actions aws azure gcp linux terraform ansible monitoring logging
DevOps Intern,cloud infrastructure automation deployment pipelines containerization orchestration networking scalability devops tools
DevOps Intern,docker kubernetes ci cd jenkins github actions aws azure gcp linux terraform ansible monitoring logging
DevOps Intern,cloud infrastructure automation deployment pipelines containerization orchestration networking scalability devops tools
DevOps Intern,docker kubernetes ci cd jenkins github actions aws azure gcp linux terraform ansible monitoring logging
DevOps Intern,docker kubernetes ci cd jenkins github actions aws azure gcp linux terraform ansible monitoring logging
DevOps Intern,docker kubernetes ci cd jenkins github actions aws azure gcp linux terraform ansible monitoring logging
DevOps Intern,cloud infrastructure automation deployment pipelines containerization orchestration networking scalability devops tools
Site Reliability Engineer Intern,docker kubernetes ci cd jenkins github actions aws azure gcp linux terraform ansible monitoring logging
Site Reliability Engineer Intern,docker kubernetes ci cd jenkins github actions aws azure gcp linux terraform ansible monitoring logging
DevOps Intern,cloud infrastructure automation deployment pipelines containerization orchestration networking scalability devops tools
DevOps Intern,docker kubernetes ci cd jenkins github actions aws azure gcp linux terraform ansible monitoring logging
Cloud DevOps Engineer Intern,cloud infrastructure automation deployment pipelines containerization orchestration networking scalability devops tools
Cloud DevOps Engineer Intern,cloud infrastructure automation deployment pipelines containerization orchestration networking scalability devops tools
Site Reliability Engineer Intern,cloud infrastructure automation deployment pipelines containerization orchestration networking scalability devops tools
Cloud DevOps Engineer Intern,docker kubernetes ci cd jenkins github actions aws azure gcp linux terraform ansible monitoring logging
Site Reliability Engineer Intern,cloud infrastructure automation deployment pipelines containerization orchestration networking scalability devops tools
DevOps Intern,docker kubernetes ci cd jenkins github actions aws azure gcp linux terraform ansible monitoring logging
DevOps Intern,docker kubernetes ci cd jenkins github actions aws azure gcp linux terraform ansible monitoring logging
Cloud DevOps Engineer Intern,cloud infrastructure automation deployment pipelines containerization orchestration networking scalability devops tools
Cloud DevOps Engineer Intern,cloud infrastructure automation deployment pipelines containerization orchestration networking scalability devops tools
Cloud DevOps Engineer Intern,docker kubernetes ci cd jenkins github actions aws azure gcp linux terraform ansible monitoring logging
Site Reliability Engineer Intern,docker kubernetes ci cd jenkins github actions aws azure gcp linux terraform ansible monitoring logging
DevOps Intern,docker kubernetes ci cd jenkins github actions aws azure gcp linux terraform ansible monitoring logging
Cloud DevOps Engineer Intern,docker kubernetes ci cd jenkins github actions aws azure gcp linux terraform ansible monitoring logging
Site Reliability Engineer Intern,cloud infrastructure automation deployment pipelines containerization orchestration networking scalability devops tools
Site Reliability Engineer Intern,docker kubernetes ci cd jenkins github actions aws azure gcp linux terraform ansible monitoring logging
Site Reliability Engineer Intern,cloud infrastructure automation deployment pipelines containerization orchestration networking scalability devops tools
Cloud DevOps Engineer Intern,cloud infrastructure automation deployment pipelines containerization orchestration networking scalability devops tools
DevOps Intern,docker kubernetes ci cd jenkins github actions aws azure gcp linux terraform ansible monitoring logging
Cloud DevOps Engineer Intern,docker kubernetes ci cd jenkins github actions aws azure gcp linux terraform ansible monitoring logging
Cloud DevOps Engineer Intern,cloud infrastructure automation deployment pipelines containerization orchestration networking scalability devops tools
Cloud DevOps Engineer Intern,docker kubernetes ci cd jenkins github actions aws azure gcp linux terraform ansible monitoring logging
Cloud DevOps Engineer Intern,docker kubernetes ci cd jenkins github actions aws azure gcp linux terraform ansible monitoring logging
Site Reliability Engineer Intern,docker kubernetes ci cd jenkins github actions aws azure gcp linux terraform ansible monitoring logging
DevOps Intern,cloud infrastructure automation deployment pipelines containerization orchestration networking scalability devops tools
Cloud DevOps Engineer Intern,cloud infrastructure automation deployment pipelines containerization orchestration networking scalability devops tools
DevOps Intern,docker kubernetes ci cd jenkins github actions aws azure gcp linux terraform ansible monitoring logging
Cloud DevOps Engineer Intern,docker kubernetes ci cd jenkins github actions aws azure gcp linux terraform ansible monitoring logging
DevOps Intern,cloud infrastructure automation deployment pipelines containerization orchestration networking scalability devops tools
Site Reliability Engineer Intern,cloud infrastructure automation deployment pipelines containerization orchestration networking scalability devops tools
Cloud DevOps Engineer Intern,docker kubernetes ci cd jenkins github actions aws azure gcp linux terraform ansible monitoring logging
Site Reliability Engineer Intern,cloud infrastructure automation deployment pipelines containerization orchestration networking scalability devops tools
Site Reliability Engineer Intern,docker kubernetes ci cd jenkins github actions aws azure gcp linux terraform ansible monitoring logging
Site Reliability Engineer Intern,docker kubernetes ci cd jenkins github actions aws azure gcp linux terraform ansible monitoring logging
Cloud DevOps Engineer Intern,cloud infrastructure automation deployment pipelines containerization orchestration networking scalability devops tools
Site Reliability Engineer Intern,docker kubernetes ci cd jenkins github actions aws azure gcp linux terraform ansible monitoring logging
Site Reliability Engineer Intern,docker kubernetes ci cd jenkins github actions aws azure gcp linux terraform ansible monitoring logging
Cloud DevOps Engineer Intern,docker kubernetes ci cd jenkins github actions aws azure gcp linux terraform ansible monitoring logging
DevOps Intern,docker kubernetes ci cd jenkins github actions aws azure gcp linux terraform ansible monitoring logging
Site Reliability Engineer Intern,docker kubernetes ci cd jenkins github actions aws azure gcp linux terraform ansible monitoring logging
Cloud DevOps Engineer Intern,cloud infrastructure automation deployment pipelines containerization orchestration networking scalability devops tools
Cloud DevOps Engineer Intern,docker kubernetes ci cd jenkins github actions aws azure gcp linux terraform ansible monitoring logging
DevOps Intern,cloud infrastructure automation deployment pipelines containerization orchestration networking scalability devops tools
DevOps Intern,docker kubernetes ci cd jenkins github actions aws azure gcp linux terraform ansible monitoring logging
Cloud DevOps Engineer Intern,cloud infrastructure automation deployment pipelines containerization orchestration networking scalability devops tools
Cloud DevOps Engineer Intern,cloud infrastructure automation deployment pipelines containerization orchestration networking scalability devops tools
Site Reliability Engineer Intern,cloud infrastructure automation deployment pipelines containerization orchestration networking scalability devops tools
Site Reliability Engineer Intern,docker kubernetes ci cd jenkins github actions aws azure gcp linux terraform ansible monitoring logging
Site Reliability Engineer Intern,cloud infrastructure automation deployment pipelines containerization orchestration networking scalability devops tools
Ethical Hacking Intern,network security cryptography ethical hacking penetration testing malware analysis vulnerability assessment siem tools forensics
Ethical Hacking Intern,network security cryptography ethical hacking penetration testing malware analysis vulnerability assessment siem tools forensics
Security Analyst Intern,network security cryptography ethical hacking penetration testing malware analysis vulnerability assessment siem tools forensics
Security Analyst Intern,application security oauth jwt encryption hashing firewall intrusion detection threat modeling secure coding
Cybersecurity Intern,application security oauth jwt encryption hashing firewall intrusion detection threat modeling secure coding
Ethical Hacking Intern,network security cryptography ethical hacking penetration testing malware analysis vulnerability assessment siem tools forensics
Security Analyst Intern,application security oauth jwt encryption hashing firewall intrusion detection threat modeling secure coding
Security Analyst Intern,application security oauth jwt encryption hashing firewall intrusion detection threat modeling secure coding
Ethical Hacking Intern,application security oauth jwt encryption hashing firewall intrusion detection threat modeling secure coding
Ethical Hacking Intern,application security oauth jwt encryption hashing firewall intrusion detection threat modeling secure coding
Security Analyst Intern,application security oauth jwt encryption hashing firewall intrusion detection threat modeling secure coding
Security Analyst Intern,application security oauth jwt encryption hashing firewall intrusion detection threat modeling secure coding
Ethical Hacking Intern,application security oauth jwt encryption hashing firewall intrusion detection threat modeling secure coding
Ethical Hacking Intern,application security oauth jwt encryption hashing firewall intrusion detection threat modeling secure coding
Cybersecurity Intern,network security cryptography ethical hacking penetration testing malware analysis vulnerability assessment siem tools forensics
Cybersecurity Intern,network security cryptography ethical hacking penetration testing malware analysis vulnerability assessment siem tools forensics
Ethical Hacking Intern,network security cryptography ethical hacking penetration testing malware analysis vulnerability assessment siem tools forensics
Security Analyst Intern,application security oauth jwt encryption hashing firewall intrusion detection threat modeling secure coding
Cybersecurity Intern,application security oauth jwt encryption hashing firewall intrusion detection threat modeling secure coding
Ethical Hacking Intern,application security oauth jwt encryption hashing firewall intrusion detection threat modeling secure coding
Cybersecurity Intern,application security oauth jwt encryption hashing firewall intrusion detection threat modeling secure coding
Cybersecurity Intern,network security cryptography ethical hacking penetration testing malware analysis vulnerability assessment siem tools forensics
Security Analyst Intern,application security oauth jwt encryption hashing firewall intrusion detection threat modeling secure coding
Security Analyst Intern,network security cryptography ethical hacking penetration testing malware analysis vulnerability assessment siem tools forensics
Cybersecurity Intern,network security cryptography ethical hacking penetration testing malware analysis vulnerability assessment siem tools forensics
Ethical Hacking Intern,application security oauth jwt encryption hashing firewall intrusion detection threat modeling secure coding
Cybersecurity Intern,network security cryptography ethical hacking penetration testing malware analysis vulnerability assessment siem tools forensics
Ethical Hacking Intern,network security cryptography ethical hacking penetration testing malware analysis vulnerability assessment siem tools forensics
Cybersecurity Intern,application security oauth jwt encryption hashing firewall intrusion detection threat modeling secure coding
Security Analyst Intern,network security cryptography ethical hacking penetration testing malware analysis vulnerability assessment siem tools forensics
Cybersecurity Intern,network security cryptography ethical hacking penetration testing malware analysis vulnerability assessment siem tools forensics
Security Analyst Intern,network security cryptography ethical hacking penetration testing malware analysis vulnerability assessment siem tools forensics
Cybersecurity Intern,application security oauth jwt encryption hashing firewall intrusion detection threat modeling secure coding
Security Analyst Intern,network security cryptography ethical hacking penetration testing malware analysis vulnerability assessment siem tools forensics
Ethical Hacking Intern,application security oauth jwt encryption hashing firewall intrusion detection threat modeling secure coding
Security Analyst Intern,application security oauth jwt encryption hashing firewall intrusion detection threat modeling secure coding
Ethical Hacking Intern,application security oauth jwt encryption hashing firewall intrusion detection threat modeling secure coding
Security Analyst Intern,network security cryptography ethical hacking penetration testing malware analysis vulnerability assessment siem tools forensics
Security Analyst Intern,network security cryptography ethical hacking penetration testing malware analysis vulnerability assessment siem tools forensics
Cybersecurity Intern,application security oauth jwt encryption hashing firewall intrusion detection threat modeling secure coding
Cybersecurity Intern,application security oauth jwt encryption hashing firewall intrusion detection threat modeling secure coding
Ethical Hacking Intern,application security oauth jwt encryption hashing firewall intrusion detection threat modeling secure coding
Security Analyst Intern,application security oauth jwt encryption hashing firewall intrusion detection threat modeling secure coding
Ethical Hacking Intern,network security cryptography ethical hacking penetration testing malware analysis vulnerability assessment siem tools forensics
Ethical Hacking Intern,application security oauth jwt encryption hashing firewall intrusion detection threat modeling secure coding
Cybersecurity Intern,network security cryptography ethical hacking penetration testing malware analysis vulnerability assessment siem tools forensics
Cybersecurity Intern,network security cryptography ethical hacking penetration testing malware analysis vulnerability assessment siem tools forensics
Ethical Hacking Intern,network security cryptography ethical hacking penetration testing malware analysis vulnerability assessment siem tools forensics
Ethical Hacking Intern,network security cryptography ethical hacking penetration testing malware analysis vulnerability assessment siem tools forensics
Cybersecurity Intern,application security oauth jwt encryption hashing firewall intrusion detection threat modeling secure coding
Security Analyst Intern,application security oauth jwt encryption hashing firewall intrusion detection threat modeling secure coding
Cybersecurity Intern,network security cryptography ethical hacking penetration testing malware analysis vulnerability assessment siem tools forensics
Cybersecurity Intern,network security cryptography ethical hacking penetration testing malware analysis vulnerability assessment siem tools forensics
Ethical Hacking Intern,application security oauth jwt encryption hashing firewall intrusion detection threat modeling secure coding
Cybersecurity Intern,network security cryptography ethical hacking penetration testing malware analysis vulnerability assessment siem tools forensics
Ethical Hacking Intern,network security cryptography ethical hacking penetration testing malware analysis vulnerability assessment siem tools forensics
Ethical Hacking Intern,network security cryptography ethical hacking penetration testing malware analysis vulnerability assessment siem tools forensics
Ethical Hacking Intern,application security oauth jwt encryption hashing firewall intrusion detection threat modeling secure coding
Security Analyst Intern,application security oauth jwt encryption hashing firewall intrusion detection threat modeling secure coding
Security Analyst Intern,network security cryptography ethical hacking penetration testing malware analysis vulnerability assessment siem tools forensics
Android Developer Intern,react native ios android mobile architecture state management push notifications testing deployment
Android Developer Intern,android kotlin java flutter dart firebase mobile app development api integration ui design performance optimization
Mobile App Developer Intern,android kotlin java flutter dart firebase mobile app development api integration ui design performance optimization
Android Developer Intern,android kotlin java flutter dart firebase mobile app development api integration ui design performance optimization
Android Developer Intern,react native ios android mobile architecture state management push notifications testing deployment
Flutter Developer Intern,react native ios android mobile architecture state management push notifications testing deployment
Android Developer Intern,android kotlin java flutter dart firebase mobile app development api integration ui design performance optimization
Android Developer Intern,android kotlin java flutter dart firebase mobile app development api integration ui design performance optimization
Flutter Developer Intern,react native ios android mobile architecture state management push notifications testing deployment
Android Developer Intern,android kotlin java flutter dart firebase mobile app development api integration ui design performance optimization
Android Developer Intern,react native ios android mobile architecture state management push notifications testing deployment
Flutter Developer Intern,android kotlin java flutter dart firebase mobile app development api integration ui design performance optimization
Android Developer Intern,react native ios android mobile architecture state management push notifications testing deployment
Mobile App Developer Intern,android kotlin java flutter dart firebase mobile app development api integration ui design performance optimization
Android Developer Intern,react native ios android mobile architecture state management push notifications testing deployment
Flutter Developer Intern,react native ios android mobile architecture state management push notifications testing deployment
Android Developer Intern,android kotlin java flutter dart firebase mobile app development api integration ui design performance optimization
Mobile App Developer Intern,react native ios android mobile architecture state management push notifications testing deployment
Mobile App Developer Intern,android kotlin java flutter dart firebase mobile app development api integration ui design performance optimization
Flutter Developer Intern,react native ios android mobile architecture state management push notifications testing deployment
Android Developer Intern,react native ios android mobile architecture state management push notifications testing deployment
Android Developer Intern,android kotlin java flutter dart firebase mobile app development api integration ui design performance optimization
Mobile App Developer Intern,react native ios android mobile architecture state management push notifications testing deployment
Flutter Developer Intern,react native ios android mobile architecture state management push notifications testing deployment
Android Developer Intern,android kotlin java flutter dart firebase mobile app development api integration ui design performance optimization
Android Developer Intern,react native ios android mobile architecture state management push notifications testing deployment
Flutter Developer Intern,react native ios android mobile architecture state management push notifications testing deployment
Android Developer Intern,react native ios android mobile architecture state management push notifications testing deployment
Android Developer Intern,react native ios android mobile architecture state management push notifications testing deployment
Mobile App Developer Intern,react native ios android mobile architecture state management push notifications testing deployment
Flutter Developer Intern,android kotlin java flutter dart firebase mobile app development api integration ui design performance optimization
Mobile App Developer Intern,react native ios android mobile architecture state management push notifications testing deployment
Android Developer Intern,android kotlin java flutter dart firebase mobile app development api integration ui design performance optimization
Android Developer Intern,react native ios android mobile architecture state management push notifications testing deployment
Flutter Developer Intern,react native ios android mobile architecture state management push notifications testing deployment
Mobile App Developer Intern,react native ios android mobile architecture state management push notifications testing deployment
Android Developer Intern,android kotlin java flutter dart firebase mobile app development api integration ui design performance optimization
Flutter Developer Intern,android kotlin java flutter dart firebase mobile app development api integration ui design performance optimization
Mobile App Developer Intern,android kotlin java flutter dart firebase mobile app development api integration ui design performance optimization
Android Developer Intern,react native ios android mobile architecture state management push notifications testing deployment
Mobile App Developer Intern,android kotlin java flutter dart firebase mobile app development api integration ui design performance optimization
Flutter Developer Intern,android kotlin java flutter dart firebase mobile app development api integration ui design performance optimization
Flutter Developer Intern,android kotlin java flutter dart firebase mobile app development api integration ui design performance optimization
Flutter Developer Intern,react native ios android mobile architecture state management push notifications testing deployment
Mobile App Developer Intern,react native ios android mobile architecture state management push notifications testing deployment
Mobile App Developer Intern,react native ios android mobile architecture state management push notifications testing deployment
Flutter Developer Intern,android kotlin java flutter dart firebase mobile app development api integration ui design performance optimization
Android Developer Intern,android kotlin java flutter dart firebase mobile app development api integration ui design performance optimization
Android Developer Intern,android kotlin java flutter dart firebase mobile app development api integration ui design performance optimization
Android Developer Intern,android kotlin java flutter dart firebase mobile app development api integration ui design performance optimization
Mobile App Developer Intern,android kotlin java flutter dart firebase mobile app development api integration ui design performance optimization
Mobile App Developer Intern,react native ios android mobile architecture state management push notifications testing deployment
Mobile App Developer Intern,android kotlin java flutter dart firebase mobile app development api integration ui design performance optimization
Android Developer Intern,react native ios android mobile architecture state management push notifications testing deployment
Android Developer Intern,react native ios android mobile architecture state management push notifications testing deployment
Android Developer Intern,react native ios android mobile architecture state management push notifications testing deployment
Android Developer Intern,android kotlin java flutter dart firebase mobile app development api integration ui design performance optimization
Android Developer Intern,react native ios android mobile architecture state management push notifications testing deployment
Flutter Developer Intern,android kotlin java flutter dart firebase mobile app development api integration ui design performance optimization
Flutter Developer Intern,android kotlin java flutter dart firebase mobile app development api integration ui design performance optimization
Cloud Architect Intern,cloud computing virtualization containers microservices scalability fault tolerance monitoring cloud migration
Cloud Engineer Intern,cloud computing virtualization containers microservices scalability fault tolerance monitoring cloud migration
Cloud Engineer Intern,cloud computing virtualization containers microservices scalability fault tolerance monitoring cloud migration
Cloud Support Intern,aws azure gcp ec2 s3 lambda serverless cloud architecture networking load balancing distributed systems iam security
Cloud Support Intern,cloud computing virtualization containers microservices scalability fault tolerance monitoring cloud migration
Cloud Support Intern,aws azure gcp ec2 s3 lambda serverless cloud architecture networking load balancing distributed systems iam security
Cloud Engineer Intern,cloud computing virtualization containers microservices scalability fault tolerance monitoring cloud migration
Cloud Architect Intern,aws azure gcp ec2 s3 lambda serverless cloud architecture networking load balancing distributed systems iam security
Cloud Engineer Intern,aws azure gcp ec2 s3 lambda serverless cloud architecture networking load balancing distributed systems iam security
Cloud Support Intern,cloud computing virtualization containers microservices scalability fault tolerance monitoring cloud migration
Cloud Support Intern,aws azure gcp ec2 s3 lambda serverless cloud architecture networking load balancing distributed systems iam security
Cloud Architect Intern,aws azure gcp ec2 s3 lambda serverless cloud architecture networking load balancing distributed systems iam security
Cloud Architect Intern,cloud computing virtualization containers microservices scalability fault tolerance monitoring cloud migration
Cloud Support Intern,cloud computing virtualization containers microservices scalability fault tolerance monitoring cloud migration
Cloud Architect Intern,aws azure gcp ec2 s3 lambda serverless cloud architecture networking load balancing distributed systems iam security
Cloud Architect Intern,cloud computing virtualization containers microservices scalability fault tolerance monitoring cloud migration
Cloud Support Intern,aws azure gcp ec2 s3 lambda serverless cloud architecture networking load balancing distributed systems iam security
Cloud Architect Intern,aws azure gcp ec2 s3 lambda serverless cloud architecture networking load balancing distributed systems iam security
Cloud Engineer Intern,aws azure gcp ec2 s3 lambda serverless cloud architecture networking load balancing distributed systems iam security
Cloud Architect Intern,aws azure gcp ec2 s3 lambda serverless cloud architecture networking load balancing distributed systems iam security
Cloud Support Intern,cloud computing virtualization containers microservices scalability fault tolerance monitoring cloud migration
Cloud Engineer Intern,cloud computing virtualization containers microservices scalability fault tolerance monitoring cloud migration
Cloud Engineer Intern,aws azure gcp ec2 s3 lambda serverless cloud architecture networking load balancing distributed systems iam security
Cloud Engineer Intern,cloud computing virtualization containers microservices scalability fault tolerance monitoring cloud migration
Cloud Engineer Intern,aws azure gcp ec2 s3 lambda serverless cloud architecture networking load balancing distributed systems iam security
Cloud Support Intern,cloud computing virtualization containers microservices scalability fault tolerance monitoring cloud migration
Cloud Support Intern,aws azure gcp ec2 s3 lambda serverless cloud architecture networking load balancing distributed systems iam security
Cloud Architect Intern,aws azure gcp ec2 s3 lambda serverless cloud architecture networking load balancing distributed systems iam security
Cloud Architect Intern,cloud computing virtualization containers microservices scalability fault tolerance monitoring cloud migration
Cloud Engineer Intern,cloud computing virtualization containers microservices scalability fault tolerance monitoring cloud migration
Cloud Support Intern,cloud computing virtualization containers microservices scalability fault tolerance monitoring cloud migration
Cloud Architect Intern,cloud computing virtualization containers microservices scalability fault tolerance monitoring cloud migration
Cloud Architect Intern,cloud computing virtualization containers microservices scalability fault tolerance monitoring cloud migration
Cloud Support Intern,aws azure gcp ec2 s3 lambda serverless cloud architecture networking load balancing distributed systems iam security
Cloud Architect Intern,aws azure gcp ec2 s3 lambda serverless cloud architecture networking load balancing distributed systems iam security
Cloud Architect Intern,aws azure gcp ec2 s3 lambda serverless cloud architecture networking load balancing distributed systems iam security
Cloud Engineer Intern,aws azure gcp ec2 s3 lambda serverless cloud architecture networking load balancing distributed systems iam security
Cloud Architect Intern,cloud computing virtualization containers microservices scalability fault tolerance monitoring cloud migration
Cloud Engineer Intern,aws azure gcp ec2 s3 lambda serverless cloud architecture networking load balancing distributed systems iam security
Cloud Engineer Intern,cloud computing virtualization containers microservices scalability fault tolerance monitoring cloud migration
Cloud Architect Intern,cloud computing virtualization containers microservices scalability fault tolerance monitoring cloud migration
Cloud Engineer Intern,cloud computing virtualization containers microservices scalability fault tolerance monitoring cloud migration
Cloud Support Intern,aws azure gcp ec2 s3 lambda serverless cloud architecture networking load balancing distributed systems iam security
Cloud Architect Intern,aws azure gcp ec2 s3 lambda serverless cloud architecture networking load balancing distributed systems iam security
Cloud Architect Intern,aws azure gcp ec2 s3 lambda serverless cloud architecture networking load balancing distributed systems iam security
Cloud Architect Intern,aws azure gcp ec2 s3 lambda serverless cloud architecture networking load balancing distributed systems iam security
Cloud Support Intern,cloud computing virtualization containers microservices scalability fault tolerance monitoring cloud migration
Cloud Support Intern,aws azure gcp ec2 s3 lambda serverless cloud architecture networking load balancing distributed systems iam security
Cloud Engineer Intern,aws azure gcp ec2 s3 lambda serverless cloud architecture networking load balancing distributed systems iam security
Cloud Engineer Intern,aws azure gcp ec2 s3 lambda serverless cloud architecture networking load balancing distributed systems iam security
Cloud Engineer Intern,aws azure gcp ec2 s3 lambda serverless cloud architecture networking load balancing distributed systems iam security
Cloud Engineer Intern,cloud computing virtualization containers microservices scalability fault tolerance monitoring cloud migration
Cloud Architect Intern,aws azure gcp ec2 s3 lambda serverless cloud architecture networking load balancing distributed systems iam security
Cloud Architect Intern,cloud computing virtualization containers microservices scalability fault tolerance monitoring cloud migration
Cloud Engineer Intern,cloud computing virtualization containers microservices scalability fault tolerance monitoring cloud migration
Cloud Engineer Intern,aws azure gcp ec2 s3 lambda serverless cloud architecture networking load balancing distributed systems iam security
Cloud Architect Intern,aws azure gcp ec2 s3 lambda serverless cloud architecture networking load balancing distributed systems iam security
Cloud Support Intern,aws azure gcp ec2 s3 lambda serverless cloud architecture networking load balancing distributed systems iam security
Cloud Architect Intern,aws azure gcp ec2 s3 lambda serverless cloud architecture networking load balancing distributed systems iam security
Cloud Engineer Intern,cloud computing virtualization containers microservices scalability fault tolerance monitoring cloud migration
Big Data Engineer Intern,python sql data pipelines streaming batch processing data integration spark hive cloud data engineering optimization
Data Engineer Intern,python sql data pipelines streaming batch processing data integration spark hive cloud data engineering optimization
ETL Developer Intern,python sql data pipelines streaming batch processing data integration spark hive cloud data engineering optimization
ETL Developer Intern,sql etl pipelines spark hadoop kafka airflow data warehousing big data distributed systems data modeling
Big Data Engineer Intern,python sql data pipelines streaming batch processing data integration spark hive cloud data engineering optimization
ETL Developer Intern,sql etl pipelines spark hadoop kafka airflow data warehousing big data distributed systems data modeling
ETL Developer Intern,sql etl pipelines spark hadoop kafka airflow data warehousing big data distributed systems data modeling
Big Data Engineer Intern,sql etl pipelines spark hadoop kafka airflow data warehousing big data distributed systems data modeling
Data Engineer Intern,python sql data pipelines streaming batch processing data integration spark hive cloud data engineering optimization
Big Data Engineer Intern,python sql data pipelines streaming batch processing data integration spark hive cloud data engineering optimization
Big Data Engineer Intern,sql etl pipelines spark hadoop kafka airflow data warehousing big data distributed systems data modeling
Big Data Engineer Intern,python sql data pipelines streaming batch processing data integration spark hive cloud data engineering optimization
Data Engineer Intern,python sql data pipelines streaming batch processing data integration spark hive cloud data engineering optimization
Big Data Engineer Intern,python sql data pipelines streaming batch processing data integration spark hive cloud data engineering optimization
Data Engineer Intern,python sql data pipelines streaming batch processing data integration spark hive cloud data engineering optimization
Big Data Engineer Intern,sql etl pipelines spark hadoop kafka airflow data warehousing big data distributed systems data modeling
ETL Developer Intern,sql etl pipelines spark hadoop kafka airflow data warehousing big data distributed systems data modeling
Big Data Engineer Intern,sql etl pipelines spark hadoop kafka airflow data warehousing big data distributed systems data modeling
Big Data Engineer Intern,sql etl pipelines spark hadoop kafka airflow data warehousing big data distributed systems data modeling
ETL Developer Intern,python sql data pipelines streaming batch processing data integration spark hive cloud data engineering optimization
Big Data Engineer Intern,python sql data pipelines streaming batch processing data integration spark hive cloud data engineering optimization
ETL Developer Intern,python sql data pipelines streaming batch processing data integration spark hive cloud data engineering optimization
Big Data Engineer Intern,sql etl pipelines spark hadoop kafka airflow data warehousing big data distributed systems data modeling
ETL Developer Intern,sql etl pipelines spark hadoop kafka airflow data warehousing big data distributed systems data modeling
Data Engineer Intern,python sql data pipelines streaming batch processing data integration spark hive cloud data engineering optimization
Big Data Engineer Intern,sql etl pipelines spark hadoop kafka airflow data warehousing big data distributed systems data modeling
ETL Developer Intern,python sql data pipelines streaming batch processing data integration spark hive cloud data engineering optimization
ETL Developer Intern,python sql data pipelines streaming batch processing data integration spark hive cloud data engineering optimization
Big Data Engineer Intern,python sql data pipelines streaming batch processing data integration spark hive cloud data engineering optimization
ETL Developer Intern,python sql data pipelines streaming batch processing data integration spark hive cloud data engineering optimization
Data Engineer Intern,sql etl pipelines spark hadoop kafka airflow data warehousing big data distributed systems data modeling
Data Engineer Intern,sql etl pipelines spark hadoop kafka airflow data warehousing big data distributed systems data modeling
Data Engineer Intern,sql etl pipelines spark hadoop kafka airflow data warehousing big data distributed systems data modeling
Data Engineer Intern,sql etl pipelines spark hadoop kafka airflow data warehousing big data distributed systems data modeling
ETL Developer Intern,sql etl pipelines spark hadoop kafka airflow data warehousing big data distributed systems data modeling
ETL Developer Intern,sql etl pipelines spark hadoop kafka airflow data warehousing big data distributed systems data modeling
Data Engineer Intern,sql etl pipelines spark hadoop kafka airflow data warehousing big data distributed systems data modeling
Data Engineer Intern,sql etl pipelines spark hadoop kafka airflow data warehousing big data distributed systems data modeling
Data Engineer Intern,python sql data pipelines streaming batch processing data integration spark hive cloud data engineering optimization
ETL Developer Intern,sql etl pipelines spark hadoop kafka airflow data warehousing big data distributed systems data modeling
ETL Developer Intern,python sql data pipelines streaming batch processing data integration spark hive cloud data engineering optimization
Big Data Engineer Intern,sql etl pipelines spark hadoop kafka airflow data warehousing big data distributed systems data modeling
Big Data Engineer Intern,sql etl pipelines spark hadoop kafka airflow data warehousing big data distributed systems data modeling
Data Engineer Intern,python sql data pipelines streaming batch processing data integration spark hive cloud data engineering optimization
ETL Developer Intern,python sql data pipelines streaming batch processing data integration spark hive cloud data engineering optimization
ETL Developer Intern,sql etl pipelines spark hadoop kafka airflow data warehousing big data distributed systems data modeling
Big Data Engineer Intern,python sql data pipelines streaming batch processing data integration spark hive cloud data engineering optimization
Big Data Engineer Intern,python sql data pipelines streaming batch processing data integration spark hive cloud data engineering optimization
Data Engineer Intern,sql etl pipelines spark hadoop kafka airflow data warehousing big data distributed systems data modeling
ETL Developer Intern,python sql data pipelines streaming batch processing data integration spark hive cloud data engineering optimization
Data Engineer Intern,python sql data pipelines streaming batch processing data integration spark hive cloud data engineering optimization
ETL Developer Intern,python sql data pipelines streaming batch processing data integration spark hive cloud data engineering optimization
Data Engineer Intern,python sql data pipelines streaming batch processing data integration spark hive cloud data engineering optimization
Data Engineer Intern,python sql data pipelines streaming batch processing data integration spark hive cloud data engineering optimization
ETL Developer Intern,sql etl pipelines spark hadoop kafka airflow data warehousing big data distributed systems data modeling
Big Data Engineer Intern,sql etl pipelines spark hadoop kafka airflow data warehousing big data distributed systems data modeling
ETL Developer Intern,python sql data pipelines streaming batch processing data integration spark hive cloud data engineering optimization
Big Data Engineer Intern,sql etl pipelines spark hadoop kafka airflow data warehousing big data distributed systems data modeling
ETL Developer Intern,sql etl pipelines spark hadoop kafka airflow data warehousing big data distributed systems data modeling
Big Data Engineer Intern,sql etl pipelines spark hadoop kafka airflow data warehousing big data distributed systems data modeling
Backend Systems Intern,database design sql postgresql mysql indexing query optimization transactions normalization
Backend Systems Intern,database design sql postgresql mysql indexing query optimization transactions normalization
Backend Systems Intern,database design sql postgresql mysql indexing query optimization transactions normalization
Database Intern,database design sql postgresql mysql indexing query optimization transactions normalization
Database Intern,operating systems computer networks system programming concurrency multithreading memory management linux
Backend Systems Intern,operating systems computer networks system programming concurrency multithreading memory management linux
Backend Systems Intern,operating systems computer networks system programming concurrency multithreading memory management linux
Systems Engineer Intern,database design sql postgresql mysql indexing query optimization transactions normalization
Systems Engineer Intern,operating systems computer networks system programming concurrency multithreading memory management linux
Systems Engineer Intern,database design sql postgresql mysql indexing query optimization transactions normalization
Systems Engineer Intern,database design sql postgresql mysql indexing query optimization transactions normalization
Database Intern,database design sql postgresql mysql indexing query optimization transactions normalization
Backend Systems Intern,operating systems computer networks system programming concurrency multithreading memory management linux
Database Intern,operating systems computer networks system programming concurrency multithreading memory management linux
Backend Systems Intern,database design sql postgresql mysql indexing query optimization transactions normalization
Database Intern,database design sql postgresql mysql indexing query optimization transactions normalization
Systems Engineer Intern,operating systems computer networks system programming concurrency multithreading memory management linux
Database Intern,operating systems computer networks system programming concurrency multithreading memory management linux
Database Intern,database design sql postgresql mysql indexing query optimization transactions normalization
Backend Systems Intern,database design sql postgresql mysql indexing query optimization transactions normalization
Systems Engineer Intern,database design sql postgresql mysql indexing query optimization transactions normalization
Systems Engineer Intern,database design sql postgresql mysql indexing query optimization transactions normalization
Backend Systems Intern,database design sql postgresql mysql indexing query optimization transactions normalization
Systems Engineer Intern,operating systems computer networks system programming concurrency multithreading memory management linux
Backend Systems Intern,database design sql postgresql mysql indexing query optimization transactions normalization
Database Intern,database design sql postgresql mysql indexing query optimization transactions normalization
Systems Engineer Intern,operating systems computer networks system programming concurrency multithreading memory management linux
Database Intern,database design sql postgresql mysql indexing query optimization transactions normalization
Backend Systems Intern,operating systems computer networks system programming concurrency multithreading memory management linux
Database Intern,operating systems computer networks system programming concurrency multithreading memory management linux
Database Intern,operating systems computer networks system programming concurrency multithreading memory management linux
Backend Systems Intern,database design sql postgresql mysql indexing query optimization transactions normalization
Systems Engineer Intern,database design sql postgresql mysql indexing query optimization transactions normalization
Backend Systems Intern,operating systems computer networks system programming concurrency multithreading memory management linux
Database Intern,database design sql postgresql mysql indexing query optimization transactions normalization
Backend Systems Intern,database design sql postgresql mysql indexing query optimization transactions normalization
Systems Engineer Intern,operating systems computer networks system programming concurrency multithreading memory management linux
Backend Systems Intern,database design sql postgresql mysql indexing query optimization transactions normalization
Systems Engineer Intern,operating systems computer networks system programming concurrency multithreading memory management linux
Systems Engineer Intern,operating systems computer networks system programming concurrency multithreading memory management linux
Systems Engineer Intern,operating systems computer networks system programming concurrency multithreading memory management linux
Systems Engineer Intern,operating systems computer networks system programming concurrency multithreading memory management linux
Systems Engineer Intern,database design sql postgresql mysql indexing query optimization transactions normalization
Backend Systems Intern,database design sql postgresql mysql indexing query optimization transactions normalization
Backend Systems Intern,operating systems computer networks system programming concurrency multithreading memory management linux
Backend Systems Intern,operating systems computer networks system programming concurrency multithreading memory management linux
Systems Engineer Intern,database design sql postgresql mysql indexing query optimization transactions normalization
Systems Engineer Intern,database design sql postgresql mysql indexing query optimization transactions normalization
Systems Engineer Intern,operating systems computer networks system programming concurrency multithreading memory management linux
Backend Systems Intern,operating systems computer networks system programming concurrency multithreading memory management linux
Backend Systems Intern,operating systems computer networks system programming concurrency multithreading memory management linux
Systems Engineer Intern,database design sql postgresql mysql indexing query optimization transactions normalization
Database Intern,database design sql postgresql mysql indexing query optimization transactions normalization
Systems Engineer Intern,database design sql postgresql mysql indexing query optimization transactions normalization
Backend Systems Intern,operating systems computer networks system programming concurrency multithreading memory management linux
Database Intern,operating systems computer networks system programming concurrency multithreading memory management linux
Backend Systems Intern,database design sql postgresql mysql indexing query optimization transactions normalization
Backend Systems Intern,database design sql postgresql mysql indexing query optimization transactions normalization
Backend Systems Intern,operating systems computer networks system programming concurrency multithreading memory management linux
Backend Systems Intern,operating systems computer networks system programming concurrency multithreading memory management linux
